decision_date,apply_date,mode,crash_detected,avg_mkt_ret_%,SPY,QQQ,VGK,EWJ,SCZ,EEM,VNQ,REM,GLD,IEF,TLT,TIP,DBC,BWX,RWX,BIL,selected
2008-02-29,2008-03-31,Offensive_Triplet,False,0.11,0.0,0.0,0.0,0.0,0.0,0.3333,0.0,0.0,0.0,0.3333,0.0,0.0,0.3333,0.0,0.0,0.0,"DBC, EEM, IEF"
2008-03-31,2008-04-30,Offensive_Triplet,False,-1.48,0.0,0.0,0.0,0.0,0.0,0.0,0.0,0.0,0.3333,0.0,0.3333,0.0,0.3333,0.0,0.0,0.0,"DBC, GLD, TLT"
2008-04-30,2008-05-31,Offensive_Triplet,False,3.09,0.0,0.0,0.0,0.0,0.0,0.3333,0.0,0.0,0.3333,0.3333,0.0,0.0,0.0,0.0,0.0,0.0,"GLD, EEM, IEF"
2008-05-31,2008-06-30,Offensive_Triplet,False,1.07,0.0,0.3333,0.0,0.0,0.0,0.0,0.0,0.0,0.3333,0.0,0.0,0.0,0.3333,0.0,0.0,0.0,"DBC, GLD, QQQ"
2008-06-30,2008-07-31,TLT+IEF_Crash,True,-5.42,0.0,0.0,0.0,0.0,0.0,0.0,0.0,0.0,0.0,0.5,0.5,0.0,0.0,0.0,0.0,0.0,"IEF, TLT"
2008-07-31,2008-08-31,TLT+IEF_Def,False,-2.21,0.0,0.0,0.0,0.0,0.0,0.0,0.0,0.0,0.0,0.5,0.5,0.0,0.0,0.0,0.0,0.0,"IEF, TLT"
2008-08-31,2008-09-30,Offensive_EW3,False,-2.39,0.0,0.0,0.0,0.0,0.0,0.0,0.0,0.0,0.0,0.3333,0.3333,0.0,0.3333,0.0,0.0,0.0,"DBC, TLT, IEF"
2008-09-30,2008-10-31,TLT+IEF_Crash,True,-7.11,0.0,0.0,0.0,0.0,0.0,0.0,0.0,0.0,0.0,0.5,0.5,0.0,0.0,0.0,0.0,0.0,"IEF, TLT"
2008-10-31,2008-11-30,TLT+IEF_Crash,True,-16.68,0.0,0.0,0.0,0.0,0.0,0.0,0.0,0.0,0.0,0.5,0.5,0.0,0.0,0.0,0.0,0.0,"IEF, TLT"
2008-11-30,2008-12-31,TLT+IEF_Crash,True,-4.01,0.0,0.0,0.0,0.0,0.0,0.0,0.0,0.0,0.0,0.5,0.5,0.0,0.0,0.0,0.0,0.0,"IEF, TLT"
2008-12-31,2009-01-31,Offensive_Triplet,False,5.44,0.0,0.0,0.0,0.0,0.0,0.0,0.0,0.0,0.3333,0.0,0.3333,0.0,0.0,0.3333,0.0,0.0,"TLT, BWX, GLD"
2009-01-31,2009-02-28,TLT+IEF_Crash,True,-7.81,0.0,0.0,0.0,0.0,0.0,0.0,0.0,0.0,0.0,0.5,0.5,0.0,0.0,0.0,0.0,0.0,"IEF, TLT"
2009-02-28,2009-03-31,TLT+IEF_Crash,True,-7.52,0.0,0.0,0.0,0.0,0.0,0.0,0.0,0.0,0.0,0.5,0.5,0.0,0.0,0.0,0.0,0.0,"IEF, TLT"
2009-03-31,2009-04-30,TLT+IEF_Def,False,6.18,0.0,0.0,0.0,0.0,0.0,0.0,0.0,0.0,0.0,0.5,0.5,0.0,0.0,0.0,0.0,0.0,"IEF, TLT"
2009-04-30,2009-05-31,Offensive_EW3,False,6.98,0.0,0.3333,0.0,0.0,0.0,0.3333,0.0,0.0,0.3333,0.0,0.0,0.0,0.0,0.0,0.0,0.0,"GLD, EEM, QQQ"
2009-05-31,2009-06-30,Offensive_Triplet,False,7.36,0.0,0.3333,0.0,0.0,0.0,0.0,0.0,0.0,0.3333,0.0,0.0,0.0,0.0,0.3333,0.0,0.0,"GLD, QQQ, BWX"
2009-06-30,2009-07-31,Offensive_EW3,False,-0.82,0.0,0.3333,0.0,0.0,0.3333,0.3333,0.0,0.0,0.0,0.0,0.0,0.0,0.0,0.0,0.0,0.0,"EEM, QQQ, SCZ"
2009-07-31,2009-08-31,Offensive_Triplet,False,5.9,0.0,0.3333,0.0,0.3333,0.0,0.0,0.0,0.0,0.0,0.0,0.0,0.0,0.0,0.3333,0.0,0.0,"QQQ, BWX, EWJ"
2009-08-31,2009-09-30,Offensive_Triplet,False,3.04,0.0,0.0,0.0,0.3333,0.0,0.3333,0.3333,0.0,0.0,0.0,0.0,0.0,0.0,0.0,0.0,0.0,"VNQ, EEM, EWJ"
2009-09-30,2009-10-31,Offensive_Triplet,False,3.35,0.0,0.3333,0.0,0.0,0.0,0.3333,0.3333,0.0,0.0,0.0,0.0,0.0,0.0,0.0,0.0,0.0,"EEM, VNQ, QQQ"
2009-10-31,2009-11-30,Offensive_Triplet,False,-1.54,0.0,0.3333,0.0,0.0,0.0,0.0,0.0,0.0,0.3333,0.0,0.0,0.0,0.0,0.3333,0.0,0.0,"GLD, QQQ, BWX"
2009-11-30,2009-12-31,Offensive_Triplet,False,4.31,0.0,0.3333,0.0,0.0,0.0,0.0,0.3333,0.0,0.3333,0.0,0.0,0.0,0.0,0.0,0.0,0.0,"GLD, QQQ, VNQ"
2009-12-31,2010-01-31,Offensive_Triplet,False,-1.08,0.0,0.0,0.0,0.0,0.0,0.0,0.3333,0.0,0.3333,0.0,0.0,0.0,0.0,0.0,0.3333,0.0,"VNQ, RWX, GLD"
2010-01-31,2010-02-28,Offensive_Triplet,False,-2.66,0.0,0.3333,0.0,0.0,0.0,0.0,0.3333,0.0,0.3333,0.0,0.0,0.0,0.0,0.0,0.0,0.0,"VNQ, QQQ, GLD"
2010-02-28,2010-03-31,Offensive_Triplet,False,1.66,0.0,0.0,0.0,0.3333,0.0,0.3333,0.3333,0.0,0.0,0.0,0.0,0.0,0.0,0.0,0.0,0.0,"VNQ, EEM, EWJ"
2010-03-31,2010-04-30,Offensive_Triplet,False,3.27,0.0,0.0,0.3333,0.0,0.0,0.0,0.3333,0.0,0.0,0.0,0.0,0.0,0.0,0.0,0.3333,0.0,"VNQ, RWX, VGK"
2010-04-30,2010-05-31,Offensive_Triplet,False,1.6,0.3333,0.0,0.0,0.0,0.0,0.0,0.3333,0.0,0.3333,0.0,0.0,0.0,0.0,0.0,0.0,0.0,"VNQ, SPY, GLD"
2010-05-31,2010-06-30,TLT+IEF_Crash,True,-5.37,0.0,0.0,0.0,0.0,0.0,0.0,0.0,0.0,0.0,0.5,0.5,0.0,0.0,0.0,0.0,0.0,"IEF, TLT"
2010-06-30,2010-07-31,Offensive_Triplet,False,-1.43,0.0,0.0,0.0,0.0,0.0,0.0,0.3333,0.0,0.3333,0.3333,0.0,0.0,0.0,0.0,0.0,0.0,"GLD, VNQ, IEF"
2010-07-31,2010-08-31,Offensive_Triplet,False,5.8,0.0,0.0,0.0,0.0,0.3333,0.0,0.3333,0.0,0.0,0.0,0.3333,0.0,0.0,0.0,0.0,0.0,"VNQ, TLT, SCZ"
2010-08-31,2010-09-30,Offensive_Triplet,False,-0.77,0.0,0.0,0.0,0.0,0.0,0.3333,0.3333,0.0,0.0,0.3333,0.0,0.0,0.0,0.0,0.0,0.0,"VNQ, IEF, EEM"
2010-09-30,2010-10-31,Offensive_Triplet,False,6.07,0.0,0.0,0.0,0.0,0.0,0.3333,0.0,0.0,0.3333,0.0,0.0,0.0,0.3333,0.0,0.0,0.0,"GLD, EEM, DBC"
2010-10-31,2010-11-30,Offensive_Triplet,False,2.8,0.0,0.3333,0.0,0.0,0.0,0.0,0.3333,0.0,0.3333,0.0,0.0,0.0,0.0,0.0,0.0,0.0,"GLD, VNQ, QQQ"
2010-11-30,2010-12-31,Offensive_Triplet,False,-1.91,0.0,0.0,0.0,0.0,0.3333,0.0,0.3333,0.0,0.3333,0.0,0.0,0.0,0.0,0.0,0.0,0.0,"GLD, VNQ, SCZ"
2010-12-31,2011-01-31,Offensive_Triplet,False,3.47,0.0,0.3333,0.0,0.0,0.3333,0.0,0.0,0.0,0.3333,0.0,0.0,0.0,0.0,0.0,0.0,0.0,"SCZ, QQQ, GLD"
2011-01-31,2011-02-28,Offensive_Triplet,False,0.19,0.0,0.0,0.0,0.3333,0.0,0.0,0.3333,0.0,0.3333,0.0,0.0,0.0,0.0,0.0,0.0,0.0,"VNQ, EWJ, GLD"
2011-02-28,2011-03-31,Offensive_Triplet,False,2.74,0.0,0.3333,0.0,0.0,0.0,0.0,0.3333,0.0,0.0,0.0,0.0,0.0,0.3333,0.0,0.0,0.0,"DBC, QQQ, VNQ"
2011-03-31,2011-04-30,Offensive_Triplet,False,-0.75,0.0,0.3333,0.0,0.0,0.0,0.0,0.3333,0.0,0.3333,0.0,0.0,0.0,0.0,0.0,0.0,0.0,"QQQ, GLD, VNQ"
2011-04-30,2011-05-31,Offensive_Triplet,False,4.15,0.0,0.3333,0.0,0.0,0.0,0.0,0.3333,0.0,0.3333,0.0,0.0,0.0,0.0,0.0,0.0,0.0,"GLD, VNQ, QQQ"
2011-05-31,2011-06-30,Offensive_Triplet,False,-1.08,0.0,0.3333,0.0,0.0,0.0,0.0,0.3333,0.0,0.3333,0.0,0.0,0.0,0.0,0.0,0.0,0.0,"VNQ, GLD, QQQ"
2011-06-30,2011-07-31,Offensive_Triplet,False,-2.02,0.0,0.3333,0.0,0.0,0.0,0.0,0.3333,0.0,0.0,0.0,0.0,0.0,0.3333,0.0,0.0,0.0,"VNQ, QQQ, DBC"
2011-07-31,2011-08-31,Offensive_Triplet,False,0.87,0.0,0.0,0.0,0.0,0.0,0.0,0.0,0.0,0.3333,0.0,0.0,0.3333,0.0,0.3333,0.0,0.0,"GLD, TIP, BWX"
2011-08-31,2011-09-30,Offensive_Triplet,False,-2.01,0.0,0.3333,0.0,0.0,0.0,0.0,0.0,0.0,0.3333,0.0,0.3333,0.0,0.0,0.0,0.0,0.0,"GLD, TLT, QQQ"
2011-09-30,2011-10-31,TLT+IEF_Crash,True,-7.27,0.0,0.0,0.0,0.0,0.0,0.0,0.0,0.0,0.0,0.5,0.5,0.0,0.0,0.0,0.0,0.0,"IEF, TLT"
2011-10-31,2011-11-30,Offensive_Triplet,False,6.53,0.0,0.3333,0.0,0.0,0.0,0.0,0.0,0.0,0.3333,0.3333,0.0,0.0,0.0,0.0,0.0,0.0,"GLD, QQQ, IEF"
2011-11-30,2011-12-31,Offensive_Triplet,False,-1.18,0.0,0.0,0.0,0.0,0.0,0.0,0.0,0.0,0.3333,0.3333,0.0,0.3333,0.0,0.0,0.0,0.0,"GLD, IEF, TIP"
2011-12-31,2012-01-31,Offensive_Triplet,False,-2.38,0.0,0.0,0.0,0.0,0.0,0.0,0.3333,0.0,0.0,0.3333,0.0,0.3333,0.0,0.0,0.0,0.0,"IEF, VNQ, TIP"
2012-01-31,2012-02-29,Offensive_Triplet,False,5.77,0.3333,0.0,0.0,0.0,0.0,0.0,0.0,0.0,0.0,0.0,0.3333,0.3333,0.0,0.0,0.0,0.0,"TLT, TIP, SPY"
2012-02-29,2012-03-31,Offensive_Triplet,False,2.31,0.3333,0.0,0.0,0.0,0.0,0.3333,0.0,0.0,0.0,0.3333,0.0,0.0,0.0,0.0,0.0,0.0,"SPY, EEM, IEF"
2012-03-31,2012-04-30,Offensive_Triplet,False,-0.05,0.0,0.3333,0.0,0.0,0.0,0.0,0.3333,0.0,0.3333,0.0,0.0,0.0,0.0,0.0,0.0,0.0,"QQQ, VNQ, GLD"
2012-04-30,2012-05-31,Offensive_Triplet,False,0.32,0.0,0.3333,0.0,0.0,0.0,0.0,0.3333,0.0,0.0,0.0,0.3333,0.0,0.0,0.0,0.0,0.0,"QQQ, TLT, VNQ"
2012-05-31,2012-06-30,TLT+IEF_Crash,True,-5.03,0.0,0.0,0.0,0.0,0.0,0.0,0.0,0.0,0.0,0.5,0.5,0.0,0.0,0.0,0.0,0.0,"IEF, TLT"
2012-06-30,2012-07-31,Offensive_Triplet,False,2.77,0.0,0.0,0.0,0.0,0.0,0.0,0.0,0.3333,0.0,0.0,0.3333,0.0,0.0,0.0,0.3333,0.0,"TLT, REM, RWX"
2012-07-31,2012-08-31,Offensive_Triplet,False,1.32,0.0,0.3333,0.0,0.0,0.0,0.0,0.0,0.3333,0.0,0.0,0.3333,0.0,0.0,0.0,0.0,0.0,"TLT, REM, QQQ"
2012-08-31,2012-09-30,Offensive_Triplet,False,2.04,0.0,0.3333,0.0,0.0,0.0,0.0,0.0,0.3333,0.0,0.0,0.3333,0.0,0.0,0.0,0.0,0.0,"QQQ, REM, TLT"
2012-09-30,2012-10-31,Offensive_Triplet,False,1.09,0.0,0.0,0.0,0.0,0.0,0.0,0.0,0.3333,0.3333,0.0,0.0,0.0,0.0,0.0,0.3333,0.0,"REM, RWX, GLD"
2012-10-31,2012-11-30,Offensive_Triplet,False,-0.88,0.0,0.0,0.0,0.0,0.3333,0.0,0.0,0.3333,0.0,0.0,0.0,0.3333,0.0,0.0,0.0,0.0,"REM, SCZ, TIP"
2012-11-30,2012-12-31,Offensive_Triplet,False,0.83,0.0,0.3333,0.0,0.0,0.0,0.0,0.3333,0.0,0.0,0.0,0.0,0.0,0.0,0.0,0.3333,0.0,"RWX, QQQ, VNQ"
2012-12-31,2013-01-31,Offensive_Triplet,False,0.33,0.0,0.0,0.3333,0.3333,0.0,0.3333,0.0,0.0,0.0,0.0,0.0,0.0,0.0,0.0,0.0,0.0,"EEM, VGK, EWJ"
2013-01-31,2013-02-28,Offensive_Triplet,False,1.89,0.0,0.0,0.0,0.3333,0.0,0.0,0.0,0.3333,0.0,0.0,0.0,0.0,0.0,0.0,0.3333,0.0,"RWX, EWJ, REM"
2013-02-28,2013-03-31,Offensive_Triplet,False,-0.5,0.3333,0.0,0.0,0.3333,0.0,0.0,0.0,0.3333,0.0,0.0,0.0,0.0,0.0,0.0,0.0,0.0,"EWJ, SPY, REM"
2013-03-31,2013-04-30,Offensive_Triplet,False,1.43,0.0,0.0,0.0,0.3333,0.0,0.0,0.0,0.3333,0.0,0.0,0.0,0.0,0.0,0.0,0.3333,0.0,"EWJ, REM, RWX"
2013-04-30,2013-05-31,Offensive_Triplet,False,2.3,0.0,0.0,0.3333,0.3333,0.0,0.0,0.0,0.0,0.0,0.0,0.0,0.0,0.0,0.0,0.3333,0.0,"EWJ, RWX, VGK"
2013-05-31,2013-06-30,BIL_Crash,True,-4.45,0.0,0.0,0.0,0.0,0.0,0.0,0.0,0.0,0.0,0.0,0.0,0.0,0.0,0.0,0.0,1.0,BIL
2013-06-30,2013-07-31,Offensive_Triplet,False,-3.83,0.0,0.3333,0.0,0.3333,0.3333,0.0,0.0,0.0,0.0,0.0,0.0,0.0,0.0,0.0,0.0,0.0,"EWJ, QQQ, SCZ"
2013-07-31,2013-08-31,Offensive_Triplet,False,2.57,0.0,0.3333,0.3333,0.3333,0.0,0.0,0.0,0.0,0.0,0.0,0.0,0.0,0.0,0.0,0.0,0.0,"QQQ, EWJ, VGK"
2013-08-31,2013-09-30,Offensive_Triplet,False,-1.59,0.0,0.3333,0.3333,0.3333,0.0,0.0,0.0,0.0,0.0,0.0,0.0,0.0,0.0,0.0,0.0,0.0,"QQQ, EWJ, VGK"
2013-09-30,2013-10-31,Offensive_Triplet,False,3.27,0.0,0.3333,0.3333,0.3333,0.0,0.0,0.0,0.0,0.0,0.0,0.0,0.0,0.0,0.0,0.0,0.0,"EWJ, VGK, QQQ"
2013-10-31,2013-11-30,Offensive_Triplet,False,2.05,0.0,0.3333,0.3333,0.3333,0.0,0.0,0.0,0.0,0.0,0.0,0.0,0.0,0.0,0.0,0.0,0.0,"QQQ, VGK, EWJ"
2013-11-30,2013-12-31,Offensive_Triplet,False,-0.99,0.0,0.3333,0.0,0.3333,0.0,0.3333,0.0,0.0,0.0,0.0,0.0,0.0,0.0,0.0,0.0,0.0,"QQQ, EWJ, EEM"
2013-12-31,2014-01-31,Offensive_Triplet,False,-0.47,0.0,0.3333,0.3333,0.3333,0.0,0.0,0.0,0.0,0.0,0.0,0.0,0.0,0.0,0.0,0.0,0.0,"QQQ, VGK, EWJ"
2014-01-31,2014-02-28,Offensive_Triplet,False,-0.65,0.0,0.3333,0.3333,0.0,0.3333,0.0,0.0,0.0,0.0,0.0,0.0,0.0,0.0,0.0,0.0,0.0,"QQQ, SCZ, VGK"
2014-02-28,2014-03-31,Offensive_Triplet,False,3.87,0.3333,0.0,0.0,0.3333,0.0,0.0,0.3333,0.0,0.0,0.0,0.0,0.0,0.0,0.0,0.0,0.0,"SPY, VNQ, EWJ"
2014-03-31,2014-04-30,Offensive_Triplet,False,-0.83,0.0,0.3333,0.0,0.0,0.3333,0.0,0.3333,0.0,0.0,0.0,0.0,0.0,0.0,0.0,0.0,0.0,"QQQ, SCZ, VNQ"
2014-04-30,2014-05-31,Offensive_Triplet,False,1.08,0.0,0.0,0.0,0.0,0.3333,0.0,0.3333,0.0,0.0,0.0,0.0,0.0,0.3333,0.0,0.0,0.0,"SCZ, VNQ, DBC"
2014-05-31,2014-06-30,Offensive_Triplet,False,1.72,0.0,0.3333,0.0,0.0,0.0,0.0,0.0,0.0,0.0,0.0,0.3333,0.0,0.0,0.0,0.3333,0.0,"QQQ, RWX, TLT"
2014-06-30,2014-07-31,Offensive_Triplet,False,1.15,0.0,0.3333,0.0,0.0,0.3333,0.0,0.0,0.0,0.3333,0.0,0.0,0.0,0.0,0.0,0.0,0.0,"QQQ, SCZ, GLD"
2014-07-31,2014-08-31,Offensive_Triplet,False,-1.32,0.0,0.0,0.0,0.0,0.0,0.3333,0.0,0.0,0.0,0.0,0.3333,0.0,0.0,0.0,0.3333,0.0,"EEM, RWX, TLT"
2014-08-31,2014-09-30,Offensive_Triplet,False,1.74,0.0,0.0,0.0,0.0,0.0,0.3333,0.0,0.3333,0.0,0.0,0.3333,0.0,0.0,0.0,0.0,0.0,"EEM, TLT, REM"
2014-09-30,2014-10-31,TLT+IEF_Crash,True,-4.51,0.0,0.0,0.0,0.0,0.0,0.0,0.0,0.0,0.0,0.5,0.5,0.0,0.0,0.0,0.0,0.0,"IEF, TLT"
2014-10-31,2014-11-30,Offensive_Triplet,False,1.63,0.0,0.3333,0.0,0.0,0.0,0.0,0.0,0.0,0.0,0.3333,0.3333,0.0,0.0,0.0,0.0,0.0,"QQQ, TLT, IEF"
2014-11-30,2014-12-31,Offensive_Triplet,False,-0.03,0.3333,0.0,0.0,0.0,0.0,0.0,0.3333,0.0,0.0,0.0,0.3333,0.0,0.0,0.0,0.0,0.0,"VNQ, TLT, SPY"
2014-12-31,2015-01-31,Offensive_Triplet,False,-2.58,0.3333,0.0,0.0,0.0,0.0,0.0,0.0,0.0,0.0,0.3333,0.3333,0.0,0.0,0.0,0.0,0.0,"TLT, SPY, IEF"
2015-01-31,2015-02-28,Offensive_Triplet,False,1.75,0.3333,0.0,0.0,0.0,0.0,0.0,0.0,0.0,0.0,0.0,0.3333,0.0,0.0,0.0,0.3333,0.0,"TLT, SPY, RWX"
2015-02-28,2015-03-31,Offensive_Triplet,False,1.73,0.3333,0.0,0.0,0.3333,0.0,0.0,0.0,0.0,0.0,0.0,0.3333,0.0,0.0,0.0,0.0,0.0,"TLT, SPY, EWJ"
2015-03-31,2015-04-30,Offensive_Triplet,False,-1.35,0.0,0.3333,0.0,0.3333,0.0,0.0,0.0,0.0,0.0,0.0,0.3333,0.0,0.0,0.0,0.0,0.0,"TLT, EWJ, QQQ"
2015-04-30,2015-05-31,Offensive_Triplet,False,1.49,0.0,0.3333,0.3333,0.3333,0.0,0.0,0.0,0.0,0.0,0.0,0.0,0.0,0.0,0.0,0.0,0.0,"QQQ, EWJ, VGK"
2015-05-31,2015-06-30,Offensive_Triplet,False,-0.6,0.0,0.3333,0.0,0.3333,0.3333,0.0,0.0,0.0,0.0,0.0,0.0,0.0,0.0,0.0,0.0,0.0,"EWJ, QQQ, SCZ"
2015-06-30,2015-07-31,BIL_Def,False,-2.96,0.0,0.0,0.0,0.0,0.0,0.0,0.0,0.0,0.0,0.0,0.0,0.0,0.0,0.0,0.0,1.0,BIL
2015-07-31,2015-08-31,Offensive_Triplet,False,0.07,0.0,0.3333,0.0,0.3333,0.3333,0.0,0.0,0.0,0.0,0.0,0.0,0.0,0.0,0.0,0.0,0.0,"QQQ, EWJ, SCZ"
2015-08-31,2015-09-30,BIL_Def,False,-3.65,0.0,0.0,0.0,0.0,0.0,0.0,0.0,0.0,0.0,0.0,0.0,0.0,0.0,0.0,0.0,1.0,BIL
2015-09-30,2015-10-31,TLT+IEF_Def,False,-1.82,0.0,0.0,0.0,0.0,0.0,0.0,0.0,0.0,0.0,0.5,0.5,0.0,0.0,0.0,0.0,0.0,"IEF, TLT"
2015-10-31,2015-11-30,Offensive_EW3,False,3.85,0.3333,0.3333,0.0,0.0,0.0,0.0,0.3333,0.0,0.0,0.0,0.0,0.0,0.0,0.0,0.0,0.0,"QQQ, SPY, VNQ"
2015-11-30,2015-12-31,BIL_Def,False,-1.49,0.0,0.0,0.0,0.0,0.0,0.0,0.0,0.0,0.0,0.0,0.0,0.0,0.0,0.0,0.0,1.0,BIL
2015-12-31,2016-01-31,Offensive_EW3,False,-1.98,0.0,0.3333,0.0,0.0,0.3333,0.0,0.3333,0.0,0.0,0.0,0.0,0.0,0.0,0.0,0.0,0.0,"QQQ, VNQ, SCZ"
2016-01-31,2016-02-29,TLT+IEF_Def,False,-2.26,0.0,0.0,0.0,0.0,0.0,0.0,0.0,0.0,0.0,0.5,0.5,0.0,0.0,0.0,0.0,0.0,"IEF, TLT"
2016-02-29,2016-03-31,Offensive_Triplet,False,0.68,0.0,0.0,0.0,0.0,0.0,0.0,0.0,0.0,0.3333,0.0,0.3333,0.0,0.0,0.3333,0.0,0.0,"GLD, TLT, BWX"
2016-03-31,2016-04-30,Offensive_Triplet,False,5.01,0.3333,0.0,0.0,0.0,0.0,0.0,0.0,0.0,0.3333,0.0,0.3333,0.0,0.0,0.0,0.0,0.0,"GLD, SPY, TLT"
2016-04-30,2016-05-31,Offensive_Triplet,False,1.24,0.0,0.0,0.0,0.0,0.0,0.0,0.0,0.0,0.3333,0.0,0.3333,0.0,0.0,0.0,0.3333,0.0,"GLD, RWX, TLT"
2016-05-31,2016-06-30,Offensive_Triplet,False,0.24,0.0,0.3333,0.0,0.0,0.0,0.0,0.0,0.0,0.0,0.0,0.3333,0.0,0.0,0.3333,0.0,0.0,"BWX, TLT, QQQ"
2016-06-30,2016-07-31,Offensive_Triplet,False,1.42,0.0,0.0,0.0,0.0,0.0,0.0,0.3333,0.0,0.0,0.3333,0.0,0.0,0.3333,0.0,0.0,0.0,"VNQ, DBC, IEF"
2016-07-31,2016-08-31,Offensive_Triplet,False,2.62,0.0,0.3333,0.0,0.0,0.0,0.0,0.3333,0.0,0.3333,0.0,0.0,0.0,0.0,0.0,0.0,0.0,"VNQ, GLD, QQQ"
2016-08-31,2016-09-30,Offensive_Triplet,False,-0.46,0.0,0.0,0.0,0.0,0.0,0.3333,0.0,0.3333,0.3333,0.0,0.0,0.0,0.0,0.0,0.0,0.0,"EEM, GLD, REM"
2016-09-30,2016-10-31,Offensive_Triplet,False,0.59,0.0,0.3333,0.0,0.3333,0.0,0.0,0.0,0.0,0.3333,0.0,0.0,0.0,0.0,0.0,0.0,0.0,"QQQ, EWJ, GLD"
2016-10-31,2016-11-30,Offensive_Triplet,False,-2.42,0.0,0.3333,0.0,0.3333,0.0,0.0,0.0,0.3333,0.0,0.0,0.0,0.0,0.0,0.0,0.0,0.0,"EWJ, QQQ, REM"
2016-11-30,2016-12-31,Offensive_Triplet,False,-2.46,0.3333,0.0,0.0,0.0,0.0,0.0,0.0,0.3333,0.0,0.0,0.0,0.0,0.3333,0.0,0.0,0.0,"DBC, SPY, REM"
2016-12-31,2017-01-31,Offensive_Triplet,False,0.05,0.0,0.3333,0.0,0.0,0.0,0.0,0.0,0.3333,0.0,0.0,0.0,0.0,0.3333,0.0,0.0,0.0,"DBC, QQQ, REM"
2017-01-31,2017-02-28,Offensive_Triplet,False,2.37,0.0,0.3333,0.0,0.0,0.0,0.0,0.0,0.3333,0.0,0.0,0.0,0.0,0.3333,0.0,0.0,0.0,"QQQ, DBC, REM"
2017-02-28,2017-03-31,Offensive_Triplet,False,2.01,0.0,0.3333,0.0,0.0,0.0,0.0,0.0,0.3333,0.0,0.0,0.0,0.0,0.3333,0.0,0.0,0.0,"QQQ, REM, DBC"
2017-03-31,2017-04-30,Offensive_Triplet,False,0.38,0.0,0.3333,0.3333,0.0,0.0,0.0,0.0,0.3333,0.0,0.0,0.0,0.0,0.0,0.0,0.0,0.0,"QQQ, REM, VGK"
2017-04-30,2017-05-31,Offensive_Triplet,False,1.55,0.0,0.3333,0.0,0.0,0.0,0.3333,0.0,0.3333,0.0,0.0,0.0,0.0,0.0,0.0,0.0,0.0,"QQQ, REM, EEM"
2017-05-31,2017-06-30,Offensive_Triplet,False,1.46,0.0,0.0,0.0,0.3333,0.0,0.3333,0.0,0.3333,0.0,0.0,0.0,0.0,0.0,0.0,0.0,0.0,"EEM, EWJ, REM"
2017-06-30,2017-07-31,Offensive_Triplet,False,-0.6,0.0,0.3333,0.3333,0.0,0.0,0.0,0.0,0.3333,0.0,0.0,0.0,0.0,0.0,0.0,0.0,0.0,"QQQ, VGK, REM"
2017-07-31,2017-08-31,Offensive_Triplet,False,2.26,0.0,0.3333,0.3333,0.0,0.0,0.0,0.0,0.3333,0.0,0.0,0.0,0.0,0.0,0.0,0.0,0.0,"QQQ, VGK, REM"
2017-08-31,2017-09-30,Offensive_Triplet,False,1.12,0.0,0.0,0.0,0.3333,0.0,0.3333,0.0,0.3333,0.0,0.0,0.0,0.0,0.0,0.0,0.0,0.0,"EEM, EWJ, REM"
2017-09-30,2017-10-31,Offensive_Triplet,False,-0.24,0.0,0.3333,0.0,0.3333,0.0,0.0,0.0,0.3333,0.0,0.0,0.0,0.0,0.0,0.0,0.0,0.0,"QQQ, EWJ, REM"
2017-10-31,2017-11-30,Offensive_Triplet,False,1.05,0.0,0.3333,0.3333,0.0,0.0,0.0,0.0,0.0,0.0,0.0,0.0,0.0,0.3333,0.0,0.0,0.0,"QQQ, VGK, DBC"
2017-11-30,2017-12-31,Offensive_Triplet,False,1.11,0.3333,0.0,0.0,0.3333,0.0,0.0,0.0,0.0,0.0,0.0,0.0,0.0,0.3333,0.0,0.0,0.0,"EWJ, SPY, DBC"
2017-12-31,2018-01-31,Offensive_Triplet,False,0.82,0.0,0.3333,0.0,0.0,0.0,0.3333,0.0,0.0,0.0,0.0,0.0,0.0,0.3333,0.0,0.0,0.0,"EEM, QQQ, DBC"
2018-01-31,2018-02-28,Offensive_Triplet,False,2.28,0.0,0.3333,0.0,0.3333,0.0,0.0,0.0,0.0,0.0,0.0,0.0,0.0,0.0,0.0,0.3333,0.0,"QQQ, EWJ, RWX"
2018-02-28,2018-03-31,Offensive_Triplet,False,-3.51,0.0,0.0,0.0,0.3333,0.0,0.3333,0.0,0.0,0.0,0.0,0.0,0.0,0.3333,0.0,0.0,0.0,"EEM, EWJ, DBC"
2018-03-31,2018-04-30,Offensive_Triplet,False,0.67,0.0,0.0,0.0,0.3333,0.0,0.0,0.0,0.0,0.0,0.0,0.0,0.0,0.3333,0.3333,0.0,0.0,"EWJ, DBC, BWX"
2018-04-30,2018-05-31,Offensive_Triplet,False,-0.04,0.3333,0.0,0.0,0.0,0.0,0.0,0.0,0.0,0.0,0.0,0.0,0.0,0.3333,0.0,0.3333,0.0,"DBC, RWX, SPY"
2018-05-31,2018-06-30,Offensive_Triplet,False,0.47,0.0,0.3333,0.0,0.3333,0.0,0.0,0.0,0.0,0.0,0.0,0.0,0.0,0.3333,0.0,0.0,0.0,"DBC, QQQ, EWJ"
2018-06-30,2018-07-31,Offensive_EW3,False,-1.3,0.3333,0.3333,0.0,0.0,0.0,0.0,0.0,0.0,0.0,0.0,0.0,0.0,0.3333,0.0,0.0,0.0,"QQQ, DBC, SPY"
2018-07-31,2018-08-31,Offensive_Triplet,False,0.9,0.0,0.3333,0.0,0.0,0.0,0.0,0.0,0.3333,0.0,0.0,0.0,0.0,0.3333,0.0,0.0,0.0,"QQQ, REM, DBC"
2018-08-31,2018-09-30,Offensive_Triplet,False,0.16,0.0,0.0,0.0,0.0,0.0,0.0,0.3333,0.3333,0.0,0.0,0.0,0.0,0.3333,0.0,0.0,0.0,"VNQ, DBC, REM"
2018-09-30,2018-10-31,Offensive_Triplet,False,-0.82,0.3333,0.0,0.0,0.3333,0.0,0.0,0.0,0.0,0.0,0.0,0.0,0.0,0.3333,0.0,0.0,0.0,"SPY, DBC, EWJ"
2018-10-31,2018-11-30,BIL_Crash,True,-4.74,0.0,0.0,0.0,0.0,0.0,0.0,0.0,0.0,0.0,0.0,0.0,0.0,0.0,0.0,0.0,1.0,BIL
2018-11-30,2018-12-31,BIL_Def,False,0.64,0.0,0.0,0.0,0.0,0.0,0.0,0.0,0.0,0.0,0.0,0.0,0.0,0.0,0.0,0.0,1.0,BIL
2018-12-31,2019-01-31,TLT+IEF_Def,False,-3.84,0.0,0.0,0.0,0.0,0.0,0.0,0.0,0.0,0.0,0.5,0.5,0.0,0.0,0.0,0.0,0.0,"IEF, TLT"
2019-01-31,2019-02-28,Offensive_Triplet,False,6.26,0.0,0.0,0.0,0.0,0.0,0.0,0.3333,0.3333,0.0,0.3333,0.0,0.0,0.0,0.0,0.0,0.0,"VNQ, REM, IEF"
2019-02-28,2019-03-31,TLT+IEF_Def,False,0.47,0.0,0.0,0.0,0.0,0.0,0.0,0.0,0.0,0.0,0.5,0.5,0.0,0.0,0.0,0.0,0.0,"IEF, TLT"
2019-03-31,2019-04-30,Offensive_Triplet,False,1.51,0.3333,0.0,0.0,0.0,0.0,0.0,0.0,0.3333,0.0,0.3333,0.0,0.0,0.0,0.0,0.0,0.0,"SPY, IEF, REM"
2019-04-30,2019-05-31,Offensive_Triplet,False,1.16,0.0,0.3333,0.3333,0.0,0.0,0.0,0.0,0.0,0.0,0.0,0.3333,0.0,0.0,0.0,0.0,0.0,"QQQ, VGK, TLT"
2019-05-31,2019-06-30,Offensive_Triplet,False,-2.48,0.0,0.0,0.0,0.0,0.0,0.0,0.3333,0.0,0.3333,0.0,0.3333,0.0,0.0,0.0,0.0,0.0,"TLT, VNQ, GLD"
2019-06-30,2019-07-31,Offensive_Triplet,False,3.4,0.0,0.3333,0.0,0.0,0.0,0.0,0.0,0.0,0.3333,0.0,0.3333,0.0,0.0,0.0,0.0,0.0,"QQQ, GLD, TLT"
2019-07-31,2019-08-31,Offensive_Triplet,False,-0.25,0.3333,0.0,0.0,0.0,0.0,0.0,0.0,0.0,0.3333,0.0,0.3333,0.0,0.0,0.0,0.0,0.0,"GLD, TLT, SPY"
2019-08-31,2019-09-30,Offensive_Triplet,False,0.65,0.0,0.3333,0.0,0.0,0.0,0.0,0.3333,0.0,0.0,0.3333,0.0,0.0,0.0,0.0,0.0,0.0,"VNQ, IEF, QQQ"
2019-09-30,2019-10-31,Offensive_Triplet,False,0.82,0.3333,0.0,0.0,0.0,0.0,0.0,0.0,0.0,0.3333,0.0,0.3333,0.0,0.0,0.0,0.0,0.0,"TLT, GLD, SPY"
2019-10-31,2019-11-30,Offensive_Triplet,False,2.24,0.0,0.3333,0.0,0.0,0.0,0.0,0.3333,0.0,0.3333,0.0,0.0,0.0,0.0,0.0,0.0,0.0,"GLD, VNQ, QQQ"
2019-11-30,2019-12-31,Offensive_Triplet,False,0.38,0.0,0.0,0.0,0.3333,0.0,0.0,0.0,0.0,0.3333,0.0,0.3333,0.0,0.0,0.0,0.0,0.0,"EWJ, GLD, TLT"
2019-12-31,2020-01-31,Offensive_Triplet,False,1.27,0.0,0.0,0.0,0.0,0.0,0.3333,0.3333,0.0,0.3333,0.0,0.0,0.0,0.0,0.0,0.0,0.0,"EEM, GLD, VNQ"
2020-01-31,2020-02-29,Offensive_Triplet,False,0.13,0.0,0.3333,0.0,0.0,0.0,0.0,0.0,0.0,0.3333,0.0,0.3333,0.0,0.0,0.0,0.0,0.0,"QQQ, GLD, TLT"
2020-02-29,2020-03-31,TLT+IEF_Crash,True,-4.2,0.0,0.0,0.0,0.0,0.0,0.0,0.0,0.0,0.0,0.5,0.5,0.0,0.0,0.0,0.0,0.0,"IEF, TLT"
2020-03-31,2020-04-30,TLT+IEF_Crash,True,-12.86,0.0,0.0,0.0,0.0,0.0,0.0,0.0,0.0,0.0,0.5,0.5,0.0,0.0,0.0,0.0,0.0,"IEF, TLT"
2020-04-30,2020-05-31,Offensive_Triplet,False,6.49,0.0,0.3333,0.0,0.0,0.0,0.0,0.0,0.0,0.0,0.3333,0.0,0.3333,0.0,0.0,0.0,0.0,"QQQ, IEF, TIP"
2020-05-31,2020-06-30,Offensive_Triplet,False,3.5,0.0,0.3333,0.0,0.3333,0.0,0.0,0.0,0.0,0.0,0.0,0.3333,0.0,0.0,0.0,0.0,0.0,"QQQ, TLT, EWJ"
2020-06-30,2020-07-31,Offensive_Triplet,False,2.54,0.3333,0.0,0.0,0.0,0.0,0.0,0.0,0.0,0.3333,0.0,0.3333,0.0,0.0,0.0,0.0,0.0,"GLD, TLT, SPY"
2020-07-31,2020-08-31,Offensive_Triplet,False,4.3,0.3333,0.0,0.0,0.0,0.0,0.0,0.0,0.0,0.3333,0.0,0.3333,0.0,0.0,0.0,0.0,0.0,"GLD, TLT, SPY"
2020-08-31,2020-09-30,Offensive_Triplet,False,3.0,0.0,0.3333,0.0,0.3333,0.0,0.0,0.0,0.0,0.3333,0.0,0.0,0.0,0.0,0.0,0.0,0.0,"QQQ, GLD, EWJ"
2020-09-30,2020-10-31,Offensive_Triplet,False,-2.04,0.0,0.3333,0.0,0.3333,0.0,0.0,0.0,0.0,0.3333,0.0,0.0,0.0,0.0,0.0,0.0,0.0,"QQQ, GLD, EWJ"
2020-10-31,2020-11-30,Offensive_Triplet,False,-2.02,0.0,0.3333,0.0,0.0,0.0,0.0,0.0,0.0,0.3333,0.0,0.0,0.0,0.0,0.3333,0.0,0.0,"QQQ, GLD, BWX"
2020-11-30,2020-12-31,Offensive_Triplet,False,8.1,0.0,0.3333,0.0,0.3333,0.0,0.0,0.0,0.3333,0.0,0.0,0.0,0.0,0.0,0.0,0.0,0.0,"QQQ, EWJ, REM"
2020-12-31,2021-01-31,Offensive_Triplet,False,3.65,0.0,0.3333,0.0,0.3333,0.0,0.0,0.0,0.0,0.3333,0.0,0.0,0.0,0.0,0.0,0.0,0.0,"QQQ, EWJ, GLD"
2021-01-31,2021-02-28,Offensive_Triplet,False,-0.57,0.0,0.3333,0.0,0.3333,0.0,0.0,0.0,0.0,0.0,0.0,0.0,0.0,0.3333,0.0,0.0,0.0,"QQQ, EWJ, DBC"
2021-02-28,2021-03-31,Offensive_Triplet,False,1.05,0.0,0.3333,0.0,0.0,0.0,0.3333,0.0,0.0,0.0,0.0,0.0,0.0,0.3333,0.0,0.0,0.0,"DBC, EEM, QQQ"
2021-03-31,2021-04-30,Offensive_Triplet,False,0.5,0.0,0.3333,0.0,0.0,0.0,0.0,0.0,0.3333,0.0,0.0,0.0,0.0,0.3333,0.0,0.0,0.0,"REM, DBC, QQQ"
2021-04-30,2021-05-31,Offensive_Triplet,False,3.58,0.0,0.0,0.3333,0.0,0.0,0.0,0.3333,0.0,0.0,0.0,0.0,0.0,0.3333,0.0,0.0,0.0,"DBC, VGK, VNQ"
2021-05-31,2021-06-30,Offensive_Triplet,False,1.79,0.0,0.0,0.0,0.0,0.0,0.0,0.3333,0.3333,0.0,0.0,0.0,0.0,0.3333,0.0,0.0,0.0,"DBC, REM, VNQ"
2021-06-30,2021-07-31,Offensive_Triplet,False,0.2,0.0,0.3333,0.0,0.0,0.0,0.0,0.0,0.3333,0.0,0.0,0.0,0.0,0.3333,0.0,0.0,0.0,"DBC, QQQ, REM"
2021-07-31,2021-08-31,Offensive_Triplet,False,1.3,0.0,0.3333,0.0,0.0,0.0,0.0,0.3333,0.0,0.0,0.0,0.0,0.0,0.3333,0.0,0.0,0.0,"DBC, VNQ, QQQ"
2021-08-31,2021-09-30,Offensive_Triplet,False,1.09,0.0,0.0,0.3333,0.0,0.0,0.0,0.3333,0.0,0.0,0.0,0.0,0.0,0.3333,0.0,0.0,0.0,"VNQ, DBC, VGK"
2021-09-30,2021-10-31,Offensive_Triplet,False,-2.94,0.0,0.0,0.0,0.3333,0.0,0.0,0.3333,0.0,0.0,0.0,0.0,0.0,0.3333,0.0,0.0,0.0,"DBC, VNQ, EWJ"
2021-10-31,2021-11-30,Offensive_Triplet,False,2.96,0.0,0.3333,0.0,0.0,0.0,0.0,0.3333,0.0,0.0,0.0,0.0,0.0,0.3333,0.0,0.0,0.0,"DBC, QQQ, VNQ"
2021-11-30,2021-12-31,Offensive_Triplet,False,-2.26,0.0,0.3333,0.0,0.0,0.0,0.0,0.0,0.0,0.0,0.0,0.3333,0.0,0.3333,0.0,0.0,0.0,"QQQ, DBC, TLT"
2021-12-31,2022-01-31,Offensive_Triplet,False,1.71,0.0,0.3333,0.0,0.0,0.0,0.0,0.3333,0.0,0.0,0.0,0.0,0.0,0.3333,0.0,0.0,0.0,"VNQ, DBC, QQQ"
2022-01-31,2022-02-28,Offensive_EW3,False,-3.13,0.3333,0.0,0.0,0.0,0.0,0.0,0.3333,0.0,0.0,0.0,0.0,0.0,0.3333,0.0,0.0,0.0,"DBC, SPY, VNQ"
2022-02-28,2022-03-31,BIL_Def,False,-1.57,0.0,0.0,0.0,0.0,0.0,0.0,0.0,0.0,0.0,0.0,0.0,0.0,0.0,0.0,0.0,1.0,BIL
2022-03-31,2022-04-30,Offensive_Triplet,False,0.45,0.0,0.3333,0.0,0.0,0.0,0.0,0.0,0.0,0.3333,0.0,0.0,0.0,0.3333,0.0,0.0,0.0,"DBC, GLD, QQQ"
2022-04-30,2022-05-31,BIL_Crash,True,-6.02,0.0,0.0,0.0,0.0,0.0,0.0,0.0,0.0,0.0,0.0,0.0,0.0,0.0,0.0,0.0,1.0,BIL
2022-05-31,2022-06-30,BIL_Def,False,0.08,0.0,0.0,0.0,0.0,0.0,0.0,0.0,0.0,0.0,0.0,0.0,0.0,0.0,0.0,0.0,1.0,BIL
2022-06-30,2022-07-31,BIL_Crash,True,-7.24,0.0,0.0,0.0,0.0,0.0,0.0,0.0,0.0,0.0,0.0,0.0,0.0,0.0,0.0,0.0,1.0,BIL
2022-07-31,2022-08-31,BIL_Def,False,5.01,0.0,0.0,0.0,0.0,0.0,0.0,0.0,0.0,0.0,0.0,0.0,0.0,0.0,0.0,0.0,1.0,BIL
2022-08-31,2022-09-30,BIL_Crash,True,-4.76,0.0,0.0,0.0,0.0,0.0,0.0,0.0,0.0,0.0,0.0,0.0,0.0,0.0,0.0,0.0,1.0,BIL
2022-09-30,2022-10-31,BIL_Crash,True,-10.18,0.0,0.0,0.0,0.0,0.0,0.0,0.0,0.0,0.0,0.0,0.0,0.0,0.0,0.0,0.0,1.0,BIL
2022-10-31,2022-11-30,BIL_Def,False,2.65,0.0,0.0,0.0,0.0,0.0,0.0,0.0,0.0,0.0,0.0,0.0,0.0,0.0,0.0,0.0,1.0,BIL
2022-11-30,2022-12-31,BIL_Def,False,7.88,0.0,0.0,0.0,0.0,0.0,0.0,0.0,0.0,0.0,0.0,0.0,0.0,0.0,0.0,0.0,1.0,BIL
2022-12-31,2023-01-31,BIL_Def,False,-3.37,0.0,0.0,0.0,0.0,0.0,0.0,0.0,0.0,0.0,0.0,0.0,0.0,0.0,0.0,0.0,1.0,BIL
2023-01-31,2023-02-28,Offensive_Triplet,False,7.19,0.0,0.0,0.0,0.3333,0.0,0.3333,0.0,0.0,0.3333,0.0,0.0,0.0,0.0,0.0,0.0,0.0,"GLD, EWJ, EEM"
2023-02-28,2023-03-31,BIL_Crash,True,-4.25,0.0,0.0,0.0,0.0,0.0,0.0,0.0,0.0,0.0,0.0,0.0,0.0,0.0,0.0,0.0,1.0,BIL
2023-03-31,2023-04-30,Offensive_Triplet,False,2.07,0.3333,0.0,0.0,0.3333,0.0,0.0,0.0,0.0,0.3333,0.0,0.0,0.0,0.0,0.0,0.0,0.0,"GLD, EWJ, SPY"
2023-04-30,2023-05-31,Offensive_Triplet,False,0.95,0.0,0.3333,0.3333,0.0,0.0,0.0,0.0,0.0,0.3333,0.0,0.0,0.0,0.0,0.0,0.0,0.0,"VGK, GLD, QQQ"
2023-05-31,2023-06-30,Offensive_Triplet,False,-2.28,0.0,0.3333,0.0,0.3333,0.0,0.0,0.0,0.0,0.3333,0.0,0.0,0.0,0.0,0.0,0.0,0.0,"QQQ, GLD, EWJ"
2023-06-30,2023-07-31,Offensive_Triplet,False,2.34,0.0,0.3333,0.3333,0.0,0.0,0.0,0.0,0.3333,0.0,0.0,0.0,0.0,0.0,0.0,0.0,0.0,"QQQ, VGK, REM"
2023-07-31,2023-08-31,Offensive_Triplet,False,2.84,0.0,0.3333,0.0,0.3333,0.0,0.0,0.0,0.0,0.3333,0.0,0.0,0.0,0.0,0.0,0.0,0.0,"QQQ, EWJ, GLD"
2023-08-31,2023-09-30,Offensive_Triplet,False,-2.58,0.0,0.3333,0.0,0.0,0.0,0.0,0.0,0.0,0.3333,0.0,0.0,0.0,0.3333,0.0,0.0,0.0,"QQQ, GLD, DBC"
2023-09-30,2023-10-31,BIL_Crash,True,-4.52,0.0,0.0,0.0,0.0,0.0,0.0,0.0,0.0,0.0,0.0,0.0,0.0,0.0,0.0,0.0,1.0,BIL
2023-10-31,2023-11-30,Offensive_EW3,False,-2.73,0.0,0.3333,0.0,0.3333,0.0,0.0,0.0,0.0,0.3333,0.0,0.0,0.0,0.0,0.0,0.0,0.0,"GLD, QQQ, EWJ"
2023-11-30,2023-12-31,Offensive_Triplet,False,7.46,0.0,0.3333,0.3333,0.0,0.0,0.0,0.0,0.0,0.3333,0.0,0.0,0.0,0.0,0.0,0.0,0.0,"QQQ, GLD, VGK"
2023-12-31,2024-01-31,Offensive_Triplet,False,3.67,0.0,0.3333,0.0,0.0,0.0,0.0,0.3333,0.0,0.3333,0.0,0.0,0.0,0.0,0.0,0.0,0.0,"QQQ, VNQ, GLD"
2024-01-31,2024-02-29,Offensive_Triplet,False,-1.45,0.0,0.3333,0.3333,0.0,0.0,0.0,0.0,0.0,0.3333,0.0,0.0,0.0,0.0,0.0,0.0,0.0,"QQQ, VGK, GLD"
2024-02-29,2024-03-31,Offensive_Triplet,False,0.82,0.0,0.3333,0.0,0.0,0.0,0.3333,0.0,0.0,0.3333,0.0,0.0,0.0,0.0,0.0,0.0,0.0,"QQQ, GLD, EEM"
2024-03-31,2024-04-30,Offensive_Triplet,False,2.76,0.0,0.3333,0.0,0.3333,0.0,0.0,0.0,0.0,0.3333,0.0,0.0,0.0,0.0,0.0,0.0,0.0,"QQQ, EWJ, GLD"
2024-04-30,2024-05-31,Offensive_Triplet,False,-3.36,0.0,0.3333,0.3333,0.0,0.0,0.0,0.0,0.0,0.3333,0.0,0.0,0.0,0.0,0.0,0.0,0.0,"QQQ, GLD, VGK"
2024-05-31,2024-06-30,Offensive_Triplet,False,3.02,0.0,0.3333,0.0,0.0,0.3333,0.0,0.0,0.0,0.3333,0.0,0.0,0.0,0.0,0.0,0.0,0.0,"QQQ, GLD, SCZ"
2024-06-30,2024-07-31,Offensive_Triplet,False,-0.25,0.0,0.3333,0.0,0.3333,0.0,0.0,0.0,0.0,0.0,0.0,0.0,0.0,0.3333,0.0,0.0,0.0,"QQQ, EWJ, DBC"
2024-07-31,2024-08-31,Offensive_Triplet,False,3.08,0.0,0.3333,0.0,0.0,0.0,0.0,0.3333,0.0,0.3333,0.0,0.0,0.0,0.0,0.0,0.0,0.0,"GLD, QQQ, VNQ"
2024-08-31,2024-09-30,Offensive_Triplet,False,2.09,0.0,0.0,0.0,0.3333,0.0,0.0,0.3333,0.0,0.3333,0.0,0.0,0.0,0.0,0.0,0.0,0.0,"GLD, VNQ, EWJ"
2024-09-30,2024-10-31,Offensive_Triplet,False,1.79,0.0,0.0,0.0,0.0,0.0,0.3333,0.3333,0.0,0.0,0.0,0.0,0.0,0.0,0.0,0.3333,0.0,"VNQ, EEM, RWX"
2024-10-31,2024-11-30,Offensive_Triplet,False,-3.32,0.0,0.3333,0.0,0.0,0.0,0.3333,0.3333,0.0,0.0,0.0,0.0,0.0,0.0,0.0,0.0,0.0,"QQQ, VNQ, EEM"
2024-11-30,2024-12-31,Offensive_Triplet,False,0.93,0.3333,0.0,0.0,0.0,0.0,0.0,0.3333,0.0,0.3333,0.0,0.0,0.0,0.0,0.0,0.0,0.0,"SPY, GLD, VNQ"
2024-12-31,2025-01-31,BIL_Crash,True,-4.19,0.0,0.0,0.0,0.0,0.0,0.0,0.0,0.0,0.0,0.0,0.0,0.0,0.0,0.0,0.0,1.0,BIL
2025-01-31,2025-02-28,Offensive_Triplet,False,2.67,0.0,0.3333,0.3333,0.0,0.0,0.0,0.0,0.0,0.3333,0.0,0.0,0.0,0.0,0.0,0.0,0.0,"GLD, QQQ, VGK"
2025-02-28,2025-03-31,Offensive_Triplet,False,1.72,0.0,0.0,0.0,0.0,0.0,0.3333,0.0,0.0,0.3333,0.0,0.0,0.3333,0.0,0.0,0.0,0.0,"GLD, EEM, TIP"
2025-03-31,2025-04-30,Offensive_EW3,False,-0.46,0.0,0.0,0.3333,0.0,0.0,0.0,0.0,0.0,0.3333,0.0,0.0,0.3333,0.0,0.0,0.0,0.0,"GLD, VGK, TIP"
2025-04-30,2025-05-31,Offensive_Triplet,False,0.91,0.0,0.0,0.0,0.3333,0.0,0.0,0.0,0.0,0.0,0.3333,0.0,0.0,0.0,0.3333,0.0,0.0,"BWX, EWJ, IEF"
2025-05-31,2025-06-30,Offensive_Triplet,False,2.13,0.0,0.3333,0.0,0.0,0.0,0.0,0.0,0.0,0.3333,0.0,0.0,0.0,0.0,0.0,0.3333,0.0,"GLD, RWX, QQQ"
2025-06-30,2025-07-31,Offensive_Triplet,False,2.47,0.3333,0.0,0.0,0.0,0.0,0.3333,0.0,0.0,0.3333,0.0,0.0,0.0,0.0,0.0,0.0,0.0,"GLD, EEM, SPY"
2025-07-31,2025-08-31,Offensive_Triplet,False,-0.34,0.0,0.3333,0.3333,0.0,0.0,0.0,0.0,0.0,0.3333,0.0,0.0,0.0,0.0,0.0,0.0,0.0,"GLD, QQQ, VGK"
2025-08-31,2025-09-30,Offensive_Triplet,False,2.8,0.0,0.3333,0.0,0.3333,0.0,0.0,0.0,0.0,0.3333,0.0,0.0,0.0,0.0,0.0,0.0,0.0,"GLD, QQQ, EWJ"
2025-09-30,2025-10-31,Offensive_Triplet,False,2.21,0.3333,0.0,0.0,0.0,0.0,0.3333,0.0,0.0,0.3333,0.0,0.0,0.0,0.0,0.0,0.0,0.0,"GLD, EEM, SPY"
2025-10-31,2025-11-30,Offensive_Triplet,False,1.1,0.0,0.3333,0.0,0.0,0.3333,0.0,0.0,0.0,0.3333,0.0,0.0,0.0,0.0,0.0,0.0,0.0,"GLD, QQQ, SCZ"
2025-11-30,2025-12-31,Offensive_Triplet,False,0.64,0.0,0.0,0.3333,0.3333,0.0,0.0,0.0,0.0,0.3333,0.0,0.0,0.0,0.0,0.0,0.0,0.0,"GLD, EWJ, VGK"
